DROP DATABASE IF EXISTS huskeats;
CREATE DATABASE huskeats;
USE huskeats;

CREATE TABLE User (
   user_id INTEGER PRIMARY KEY AUTO_INCREMENT,
   first_name VARCHAR(50) NOT NULL,
   last_name VARCHAR(50) NOT NULL,
   email VARCHAR(100) NOT NULL UNIQUE,
   last_use_date DATE,
   active_status BOOLEAN
);

CREATE TABLE Restaurant_Profile (
   restaurant_id INTEGER PRIMARY KEY AUTO_INCREMENT,
   name TEXT NOT NULL,
   address TEXT NOT NULL,
   image TEXT,
   description TEXT,
   promotional_image TEXT,
   menu_image TEXT,
   hours TEXT NOT NULL,
   approval_status BOOLEAN NOT NULL
);

CREATE TABLE Tag (
   tag_id INTEGER PRIMARY KEY AUTO_INCREMENT,
   name VARCHAR(50) NOT NULL UNIQUE
);

CREATE TABLE Review (
   review_id INTEGER PRIMARY KEY AUTO_INCREMENT,
   user_id INTEGER,
   restaurant_id INTEGER,
   title TEXT,
   rating INT CHECK (rating BETWEEN 1 AND 5),
   content TEXT,
   image TEXT,
   date_reported TIMESTAMP DEFAULT CURRENT_TIMESTAMP,
   CONSTRAINT fk_review_user FOREIGN KEY (user_id) REFERENCES User(user_id)
       ON DELETE CASCADE ON UPDATE CASCADE,
   CONSTRAINT fk_review_restaurant FOREIGN KEY (restaurant_id) REFERENCES Restaurant_Profile(restaurant_id)
       ON DELETE CASCADE ON UPDATE CASCADE
);

CREATE TABLE Comment (
   comment_id INTEGER PRIMARY KEY AUTO_INCREMENT,
   content TEXT NOT NULL,
   review_id INTEGER,
   user_id INTEGER,
   date_reported TIMESTAMP DEFAULT CURRENT_TIMESTAMP,
   CONSTRAINT fk_comment_review FOREIGN KEY (review_id) REFERENCES Review(review_id)
       ON DELETE CASCADE ON UPDATE CASCADE,
   CONSTRAINT fk_comment_user FOREIGN KEY (user_id) REFERENCES User(user_id)
       ON DELETE CASCADE ON UPDATE CASCADE
);

CREATE TABLE Admin (
   admin_id INTEGER PRIMARY KEY AUTO_INCREMENT,
   admin_name VARCHAR(50),
   admin_email VARCHAR(50) UNIQUE
);

CREATE TABLE Advertiser (
   advertiser_id INTEGER PRIMARY KEY AUTO_INCREMENT,
   advertiser_email VARCHAR(50) NOT NULL UNIQUE,
   advertiser_name VARCHAR(50)
);

CREATE TABLE Advertisement (
   advertisement_id INTEGER PRIMARY KEY AUTO_INCREMENT,
    advertiser_id INTEGER,
   content TEXT,
   active_start_date DATE,
   active_end_date DATE,
   type TEXT,
   views INT DEFAULT 0,
   clicks INT DEFAULT 0,
   total_cost DECIMAL(10,2),
   CONSTRAINT fk_advertisement_advertiser FOREIGN KEY (advertiser_id) REFERENCES Advertiser(advertiser_id)
       ON DELETE CASCADE ON UPDATE CASCADE
);

CREATE TABLE Ad_Space (
   ad_space_id INTEGER PRIMARY KEY AUTO_INCREMENT,
   purchased_status BOOLEAN DEFAULT FALSE,
   cost DECIMAL(10,2),
   advertisement_id INTEGER,
   CONSTRAINT fk_adspace_ad FOREIGN KEY (advertisement_id) REFERENCES Advertisement(advertisement_id)
       ON DELETE CASCADE ON UPDATE CASCADE
);

CREATE TABLE UserFollows (
   follower_id INTEGER,
   following_id INTEGER,
   PRIMARY KEY (follower_id, following_id),
   CONSTRAINT fk_user_follows_follower FOREIGN KEY (follower_id) REFERENCES User(user_id)
       ON DELETE CASCADE ON UPDATE CASCADE,
   CONSTRAINT fk_user_follows_following FOREIGN KEY (following_id) REFERENCES User(user_id)
       ON DELETE CASCADE ON UPDATE CASCADE
);

CREATE TABLE Restaurant_Tags (
   restaurant_id INTEGER,
   tag_id INTEGER,
   PRIMARY KEY (restaurant_id, tag_id),
   CONSTRAINT fk_restaurant_tags_restaurant FOREIGN KEY (restaurant_id) REFERENCES Restaurant_Profile(restaurant_id)
       ON DELETE CASCADE ON UPDATE CASCADE,
   CONSTRAINT fk_restaurant_tags_tag FOREIGN KEY (tag_id) REFERENCES Tag(tag_id)
       ON DELETE CASCADE ON UPDATE CASCADE
);

CREATE TABLE User_Favorites (
    user_id INTEGER,
    restaurant_id INTEGER,
    PRIMARY KEY (user_id, restaurant_id),
    CONSTRAINT fk_user_favorites_user FOREIGN KEY (user_id) REFERENCES User(user_id)
                            ON DELETE CASCADE ON UPDATE CASCADE,
    CONSTRAINT fk_user_favorites_restaurant FOREIGN KEY (restaurant_id) REFERENCES Restaurant_Profile(restaurant_id)
                            ON DELETE CASCADE ON UPDATE CASCADE
);

CREATE TABLE Reported_Comments (
    user_id INTEGER,
    comment_id INTEGER,
    PRIMARY KEY (user_id, comment_id),
    CONSTRAINT fk_reported_comments_user FOREIGN KEY (user_id) REFERENCES User(user_id)
                            ON DELETE CASCADE ON UPDATE CASCADE,
    CONSTRAINT fk_reported_comments_comment FOREIGN KEY (comment_id) REFERENCES Comment(comment_id)
                            ON DELETE CASCADE ON UPDATE CASCADE
);

CREATE TABLE Reported_Reviews (
    user_id INTEGER,
    review_id INTEGER,
    PRIMARY KEY (user_id, review_id),
    CONSTRAINT fk_reported_reviews_user FOREIGN KEY (user_id) REFERENCES User(user_id)
                            ON DELETE CASCADE ON UPDATE CASCADE,
    CONSTRAINT fk_reported_reviews_review FOREIGN KEY (review_id) REFERENCES Review(review_id)
                            ON DELETE CASCADE ON UPDATE CASCADE
);

ALTER TABLE Review
ADD COLUMN owner_reply TEXT;

INSERT INTO User(user_id, first_name, last_name, email, last_use_date, active_status)
VALUES
    (1, 'Kara-lynn', 'Kuhnwald', 'kkuhnwald0@eepurl.com', '2024-04-25', 0),
    (2, 'Barny', 'Spavins', 'bspavins1@newyorker.com', '2024-09-25', 1),
    (3, 'Madlin', 'Neeve', 'mneeve2@jigsy.com', '2024-08-05', 1),
    (4, 'Giacomo', 'De Biaggi', 'gdebiaggi3@flickr.com', '2025-03-09', 0),
    (5, 'Aggi', 'Ashington', 'aashington4@jiathis.com', '2024-06-20', 0),
    (6, 'Cortie', 'Berggren', 'cberggren5@samsung.com', '2025-02-20', 0),
    (7, 'Ingrim', 'Stenson', 'istenson6@home.pl', '2024-12-15', 1),
    (8, 'Edik', 'Bute', 'ebute7@ucoz.com', '2024-10-29', 0),
    (9, 'Ivy', 'Jarmyn', 'ijarmyn8@apple.com', '2025-03-27', 1),
    (10, 'Jermain', 'Plowes', 'jplowes9@google.com.br', '2024-06-26', 1),
    (11, 'Luis', 'Purdon', 'lpurdona@ucoz.ru', '2024-12-28', 0),
    (12, 'Ragnar', 'Fishburn', 'rfishburnb@unblog.fr', '2024-08-06', 1),
    (13, 'Fernando', 'Overnell', 'fovernellc@acquirethisname.com', '2024-11-21', 0),
    (14, 'Candice', 'Ivanishev', 'civanishevd@timesonline.co.uk', '2024-07-02', 1),
    (15, 'Gabriella', 'Moisey', 'gmoiseye@marriott.com', '2024-05-06', 1),
    (16, 'Celestina', 'Watters', 'cwattersf@dell.com', '2025-04-01', 0),
    (17, 'Moishe', 'Butteris', 'mbutterisg@naver.com', '2025-04-08', 1),
    (18, 'Albie', 'Spurling', 'aspurlingh@admin.ch', '2024-09-26', 1),
    (19, 'Hagen', 'Kempster', 'hkempsteri@github.io', '2024-05-08', 0),
    (20, 'Raleigh', 'Bruckner', 'rbrucknerj@japanpost.jp', '2024-11-13', 0),
    (21, 'Jarrid', 'Szymonowicz', 'jszymonowiczk@cbslocal.com', '2024-07-21', 1),
    (22, 'Tyrone', 'Stainbridge', 'tstainbridgel@loc.gov', '2024-06-14', 0),
    (23, 'Neill', 'Billborough', 'nbillboroughm@live.com', '2024-08-29', 1),
    (24, 'Kip', 'Pierpoint', 'kpierpointn@youtu.be', '2024-09-17', 1),
    (25, 'Phillip', 'Merdew', 'pmerdewo@sbwire.com', '2024-12-09', 0),
    (26, 'Margeaux', 'Kloss', 'mklossp@fda.gov', '2024-08-27', 1),
    (27, 'Paolina', 'Cristofari', 'pcristofariq@shareasale.com', '2024-05-15', 1),
    (28, 'Lotti', 'Verissimo', 'lverissimor@mtv.com', '2025-03-19', 0),
    (29, 'Tatiania', 'Castille', 'tcastilles@scientificamerican.com', '2024-09-05', 1),
    (30, 'Mile', 'Tregaskis', 'mtregaskist@timesonline.co.uk', '2024-09-12', 1),
    (31, 'Carin', 'Crippill', 'ccrippillu@google.ru', '2024-11-06', 1),
    (32, 'Garry', 'Paxeford', 'gpaxefordv@plala.or.jp', '2024-10-11', 0),
    (33, 'Rickie', 'Ormerod', 'rormerodw@freewebs.com', '2024-08-25', 0),
    (34, 'Hart', 'Cockhill', 'hcockhillx@360.cn', '2025-03-01', 0),
    (35, 'Diana', 'Ainger', 'daingery@google.ca', '2024-08-22', 1),
    (36, 'Meggy', 'MacAnellye', 'mmacanellyez@amazon.co.jp', '2024-08-08', 0),
    (37, 'Kristan', 'Balaam', 'kbalaam10@home.pl', '2024-11-14', 1),
    (38, 'Alyssa', 'Joncic', 'ajoncic11@ihg.com', '2024-05-16', 0),
    (39, 'Meade', 'MacAlester', 'mmacalester12@washingtonpost.com', '2024-10-17', 0),
    (40, 'Charlie', 'Newarte', 'cnewarte13@edublogs.org', '2025-01-12', 0),
    (41, 'Jordain', 'Swainson', 'jswainson14@soup.io', '2024-09-27', 0),
    (42, 'Tatiania', 'Trill', 'ttrill15@npr.org', '2024-04-15', 0),
    (43, 'Lynett', 'Swanger', 'lswanger16@g.co', '2024-12-11', 1),
    (44, 'Brooke', 'Scamaden', 'bscamaden17@census.gov', '2025-01-25', 0),
    (45, 'Fanchette', 'Trew', 'ftrew18@statcounter.com', '2024-06-16', 0),
    (46, 'Carola', 'Feragh', 'cferagh19@angelfire.com', '2024-10-25', 1),
    (47, 'Cly', 'Markovic', 'cmarkovic1a@shinystat.com', '2024-07-13', 1),
    (48, 'Tricia', 'Paramor', 'tparamor1b@bandcamp.com', '2024-08-12', 0),
    (49, 'Dougy', 'Bloyes', 'dbloyes1c@apple.com', '2024-10-19', 1),
    (50, 'Wylie', 'Ponting', 'wponting1d@fotki.com', '2024-10-21', 0);


INSERT INTO Restaurant_Profile(restaurant_id, name, address, image, description, promotional_image, menu_image, hours, approval_status)
VALUES
    (1, 'The Hungry Hippo', '0 Dwight Trail', NULL, 'A fun, family-friendly restaurant offering a variety of comfort food favorites.', NULL, NULL, '9 AM - 9 PM', 0),
    (2, 'Sizzling Sausage Shack', '01 Hoard Terrace', NULL, 'Home of the spiciest sausages and loaded hot dogs in town.', NULL, NULL, '11 AM - 1 AM', 1),
    (3, 'Cheesy Delight', '8 Service Place', NULL, 'The ultimate destination for cheese lovers, serving ooey-gooey goodness all day.', NULL, NULL, '12 PM - 9 PM', 0),
    (4, 'Burger Barn', '68 Duke Hill', NULL, 'Craft burgers made with fresh, local ingredients and a whole lot of love.', NULL, NULL, '11 AM - 11 PM', 1),
    (5, 'Pasta Paradise', '3 Shelley Point', NULL, 'Serving handcrafted pastas and rich Italian sauces in a cozy setting.', NULL, NULL, '4 PM - 10 PM', 0),
    (6, 'Taco Town', '14 Burning Wood Center', NULL, 'Authentic street-style tacos with bold flavors and fresh ingredients.', NULL, NULL, '5 PM - 2 AM', 1),
    (7, 'Pizza Palace', '436 Hallows Road', NULL, 'Delicious wood-fired pizzas with classic and creative toppings.', NULL, NULL, '12 PM - 11 PM', 1),
    (8, 'Waffle World', '0 Lakeland Hill', NULL, 'All-day breakfast haven known for sweet and savory waffle creations.', NULL, NULL, '7 AM - 3 PM', 1),
    (9, 'Sushi Spot', '33 Forster Circle', NULL, 'Fresh sushi rolls and sashimi made to order by skilled chefs.', NULL, NULL, '12 PM - 10 PM', 0),
    (10, 'BBQ Bonanza', '3842 Fisk Crossing', NULL, 'Slow-cooked BBQ favorites served with signature sauces and sides.', NULL, NULL, '11 AM - 9 PM', 1),
    (11, 'Noodle Nook', '103 Daystar Park', NULL, 'A cozy spot specializing in Asian noodle dishes from ramen to udon.', NULL, NULL, '5 PM - 11 PM', 0),
    (12, 'Burrito Bliss', '330 Debs Center', NULL, 'Massive burritos, bold flavors, and endless customization.', NULL, NULL, '10 AM - 10 PM', 1),
    (13, 'Salad Sensation', '387 Dwight Trail', NULL, 'Healthy, fresh salads packed with flavor and colorful ingredients.', NULL, NULL, '10 AM - 8 PM', 0),
    (14, 'Wrap City', '59716 Onsgard Junction', NULL, 'Inventive wraps and bowls that make healthy eating exciting.', NULL, NULL, '11 AM - 7 PM', 0),
    (15, 'Fried Chicken Factory', '984 Maple Place', NULL, 'Crispy, juicy fried chicken with a variety of homemade sauces.', NULL, NULL, '12 PM - 12 AM', 0),
    (16, 'Smoothie Station', '5 School Avenue', NULL, 'Refreshing smoothies and juices made with real fruit and veggies.', NULL, NULL, '8 AM - 6 PM', 1),
    (17, 'Diner Delight', '643 Orin Court', NULL, 'Retro diner vibes with classic American breakfast and lunch fare.', NULL, NULL, '6 AM - 2 PM', 0),
    (18, 'Coffee Corner', '4 Grayhawk Hill', NULL, 'A cozy café offering artisanal coffee, pastries, and calm vibes.', NULL, NULL, '7 AM - 6 PM', 0),
    (19, 'Ice Cream Island', '441 Tennessee Circle', NULL, 'Handcrafted ice cream and sundaes in a variety of fun flavors.', NULL, NULL, '12 PM - 10 PM', 1),
    (20, 'Donut Den', '77 Harbort Point', NULL, 'Famous for fluffy donuts, unique glazes, and fresh coffee.', NULL, NULL, '6 AM - 12 PM', 1),
    (21, 'Bagel Boutique', '8991 Alpine Alley', NULL, 'New York-style bagels with gourmet cream cheeses and sandwiches.', NULL, NULL, '7 AM - 2 PM', 0),
    (22, 'Crepes Cafe', '8361 Sundown Lane', NULL, 'Sweet and savory crepes with a European café experience.', NULL, NULL, '9 AM - 5 PM', 1),
    (23, 'Hot Dog Haven', '14 Emmet Drive', NULL, 'A retro-style joint offering hot dogs with every topping imaginable.', NULL, NULL, '10 AM - 8 PM', 1),
    (24, 'Sandwich Shoppe', '55 Forest Dale Parkway', NULL, 'Delicious deli sandwiches, soups, and handmade sides.', NULL, NULL, '10 AM - 6 PM', 1),
    (25, 'Soup Stop', '1 Hermina Circle', NULL, 'A rotating menu of homemade soups, stews, and fresh bread.', NULL, NULL, '11 AM - 8 PM', 0),
    (26, 'Fish Fry', '3435 Beilfuss Place', NULL, 'Golden fried fish and seafood with crispy fries and tangy slaw.', NULL, NULL, '12 PM - 9 PM', 0),
    (27, 'Pancake Place', '698 Vidon Road', NULL, 'Stacks on stacks of pancakes, served all day with sweet toppings.', NULL, NULL, '7 AM - 1 PM', 0),
    (28, 'Bakery Bliss', '4 Northridge Plaza', NULL, 'Freshly baked bread, cakes, and pastries made daily.', NULL, NULL, '6 AM - 6 PM', 0),
    (29, 'Juice Joint', '6451 Marcy Avenue', NULL, 'Cold-pressed juices and smoothie bowls for a healthy boost.', NULL, NULL, '8 AM - 4 PM', 0),
    (30, 'Grill House', '6872 Eastlawn Circle', NULL, 'Premium grilled meats and veggies with a smoky twist.', NULL, NULL, '4 PM - 11 PM', 0),
    (31, 'Subway Stop', '04 Nova Pass', NULL, 'Fast and fresh sandwiches with all the toppings you love.', NULL, NULL, '10 AM - 10 PM', 0),
    (32, 'Milkshake Mansion', '1185 Sachtjen Court', NULL, 'Thick, creamy milkshakes in classic and wild flavors.', NULL, NULL, '1 PM - 9 PM', 0),
    (33, 'Taco Truck', '6893 Parkside Alley', NULL, 'Your go-to spot for late-night tacos and street food.', NULL, NULL, '6 PM - 2 AM', 0),
    (34, 'Pita Pit', '1994 Dakota Alley', NULL, 'Mediterranean flavors wrapped in warm pita with your favorite toppings.', NULL, NULL, '10 AM - 9 PM', 1),
    (35, 'Ramen Retreat', '936 Union Drive', NULL, 'Comforting ramen bowls with rich broth and bold flavor.', NULL, NULL, '5 PM - 11 PM', 0),
    (36, 'Pho Phactory', '276 David Place', NULL, 'Authentic Vietnamese pho and fresh spring rolls.', NULL, NULL, '12 PM - 10 PM', 1),
    (37, 'Falafel Fiesta', '4 Waywood Place', NULL, 'Delicious falafel, hummus, and pita for plant-based eaters.', NULL, NULL, '11 AM - 9 PM', 1),
    (38, 'Bistro Bites', '58271 Johnson Crossing', NULL, 'Modern bistro dishes perfect for a quick bite or casual date.', NULL, NULL, '2 PM - 10 PM', 1),
    (39, 'Cafe Crema', '63 Brickson Park Junction', NULL, 'Espresso, pastries, and cozy vibes in every cup.', NULL, NULL, '7 AM - 7 PM', 1),
    (40, 'The Hungry Hippo', '6144 Badeau Plaza', NULL, 'An energetic atmosphere serving hearty meals for all ages.', NULL, NULL, '9 AM - 9 PM', 0);



INSERT INTO Tag (tag_id, name)
VALUES
    (1, 'Italian'),
    (2, 'Mexican'),
    (3, 'Japanese'),
    (4, 'Indian'),
    (5, 'French'),
    (6, 'Greek'),
    (7, 'Thai'),
    (8, 'Chinese'),
    (9, 'Mediterranean'),
    (10, 'American'),
    (11, 'Vietnamese'),
    (12, 'Korean'),
    (13, 'Brazilian'),
    (14, 'Spanish'),
    (15, 'German'),
    (16, 'Moroccan'),
    (17, 'Turkish'),
    (18, 'Peruvian'),
    (19, 'Argentinian'),
    (20, 'Russian'),
    (21, 'Australian'),
    (22, 'Ethiopian'),
    (23, 'Swedish'),
    (24, 'Lebanese'),
    (25, 'Irish'),
    (26, 'Cuban'),
    (27, 'Hawaiian'),
    (28, 'Filipino'),
    (29, 'Belgian'),
    (30, 'Jamaican'),
    (31, 'Malaysian'),
    (32, 'Portuguese'),
    (33, 'Scottish'),
    (34, 'Tibetan'),
    (35, 'Ukrainian'),
    (36, 'Polish'),
    (37, 'Czech'),
    (38, 'Canadian'),
    (39, 'South African'),
    (40, 'Fast Food');
INSERT INTO Review (review_id, user_id, restaurant_id, title, rating, content, image)
VALUES
    (1, 31, 17, 'Tasty Food and Great Vibes', 4, 'Great atmosphere and friendly service. The food came out hot and was full of flavor.', NULL),
    (2, 15, 11, 'Too Salty and Overcooked', 2, 'The broth was too salty and the noodles were overcooked. Not my favorite experience.', NULL),
    (3, 31, 33, 'Bland and Forgettable Tacos', 2, 'I love tacos, but these were a bit bland and the tortillas felt store-bought.', NULL),
    (4, 4, 16, 'Weak Smoothies', 1, 'Smoothies were watery and lacked flavor. Would not recommend.', NULL),
    (5, 2, 17, 'Slow Service, Small Portions', 2, 'Portions were small and the service was quite slow, even though it wasn’t busy.', NULL),
    (6, 26, 7, 'Best Pizza Around!', 5, 'Absolutely loved the pizza! Crispy crust, gooey cheese, and generous toppings.', NULL),
    (7, 30, 17, 'Average Diner Experience', 3, 'Decent diner food, but nothing particularly memorable.', NULL),
    (8, 29, 23, 'Just Okay', 2, 'Hot dogs were average. Could use more variety in toppings.', NULL),
    (9, 22, 23, 'Cold Food, Long Wait', 1, 'Very disappointed. Long wait and cold food.', NULL),
    (10, 40, 37, 'Delicious Falafel', 4, 'The falafel was crispy and well-seasoned. Would definitely come back.', NULL),
    (11, 1, 1, 'Solid Experience', 4, 'Great value and friendly staff. The food hit the spot.', NULL),
    (12, 28, 34, 'Fresh Pita, Mild Flavor', 3, 'Pita was fresh and warm, though the fillings were a bit bland.', NULL),
    (13, 37, 39, 'Great Pastries, Decent Coffee', 3, 'Nice little cafe. The coffee was okay, but the pastries were excellent.', NULL),
    (14, 4, 38, 'Great Flavor, Cute Spot', 4, 'The small plates were flavorful and beautifully presented. A pleasant surprise!', NULL),
    (15, 48, 33, 'Disappointing Tacos', 1, 'Taco Truck was a letdown. Everything tasted like it had been sitting out.', NULL),
    (16, 7, 33, 'Just Okay Tacos', 3, 'It was okay. Tacos were decent, but I’ve had better elsewhere.', NULL),
    (17, 17, 7, 'Too Much Crust', 3, 'Pizza crust was too thick for my taste, but the sauce was good.', NULL),
    (18, 5, 4, 'Amazing Burgers!', 5, 'One of the best burgers I’ve had in a while. Juicy and packed with flavor.', NULL),
    (19, 3, 34, 'Soggy Wraps', 2, 'Didn’t enjoy the wrap. It was soggy and lacking seasoning.', NULL),
    (20, 25, 31, 'Quick and Easy Lunch', 3, 'Quick sandwich spot. Good for a grab-and-go lunch.', NULL),
    (21, 41, 20, 'Too Sweet For Me', 3, 'Donuts were fresh but a bit too sweet for my liking.', NULL),
    (22, 32, 3, 'Not Worth It', 2, 'Mac and cheese was bland and the portion was small.', NULL),
    (23, 20, 29, 'Disappointing Juice', 2, 'Juices tasted pre-bottled. Not worth the price.', NULL),
    (24, 9, 11, 'Phenomenal Ramen', 5, 'Amazing ramen! Rich broth, perfect egg, and tender pork.', NULL),
    (25, 32, 33, 'Taco Heaven', 5, 'Taco Truck never disappoints. Flavor-packed bites every time.', NULL),
    (26, 49, 11, 'Good, Not Great', 3, 'Decent ramen, though the service felt rushed.', NULL),
    (27, 42, 34, 'Fast and Tasty Lunch', 4, 'Pita Pit was great for a quick, filling lunch. Friendly service too.', NULL),
    (28, 43, 28, 'Flaky Croissants!', 5, 'I love this bakery! The croissants were flaky and buttery.', NULL),
    (29, 39, 27, 'Undercooked and Slow', 1, 'Pancakes were undercooked and service was inattentive.', NULL),
    (30, 46, 10, 'Dry Brisket', 2, 'Not the best BBQ I have had. The brisket was dry.', NULL),
    (31, 21, 15, 'Crispy and Juicy', 5, 'Crispy fried chicken with delicious sides. A must-try!', NULL),
    (32, 34, 5, 'Overcooked Pasta', 3, 'Pasta was okay. A little overcooked but decent flavor.', NULL),
    (33, 44, 20, 'Great Donut Variety', 3, 'Donuts were solid. Loved the maple bacon one.', NULL),
    (34, 30, 1, 'Comfort Food Done Right', 4, 'The Hungry Hippo had great service and tasty comfort food.', NULL),
    (35, 41, 27, 'Fluffy Pancakes & Great Vibe', 4, 'Loved the pancakes and the cozy diner vibe.', NULL),
    (36, 20, 14, 'Filling, But Lacked Flavor', 3, 'Wraps were filling, but lacked a punch of flavor.', NULL),
    (37, 33, 25, 'Salty But Satisfying', 3, 'Soup was warm and hearty, but a bit too salty.', NULL),
    (38, 15, 34, 'Dry Pita, Rude Service', 1, 'Not impressed. Pita was dry and service was rude.', NULL),
    (39, 4, 11, 'Incredible Broth', 5, 'Noodles were delicious and the broth was rich and savory.', NULL),
    (40, 38, 23, 'Stale Buns, Cold Dogs', 2, 'Hot dogs were cold and buns were stale. Disappointing.', NULL);


INSERT INTO Comment (comment_id, content, review_id, user_id)
VALUES
    (1, 'Totally agree, this place always hits the spot.', 31, 13),
    (2, 'That was my experience too—super underwhelming.', 10, 10),
    (3, 'I actually liked it, but I get where you’re coming from.', 37, 30),
    (4, 'Wow, sounds rough. Sorry you had that kind of visit!', 15, 26),
    (5, 'That’s been my go-to lunch spot for a while now.', 20, 25),
    (6, 'This review is so accurate. I had the exact same thoughts.', 39, 15),
    (7, 'Yeah, the brisket was pretty dry when I visited too.', 30, 48),
    (8, 'Oof, sounds like they need to step up their game.', 9, 2),
    (9, 'This comment made me rethink giving it another try.', 39, 11),
    (10, 'Crazy how different people have different experiences here!', 31, 19),
    (11, 'Glad I’m not the only one who thought that.', 37, 35),
    (12, 'Wish I saw this before I went—totally agree.', 30, 7),
    (13, 'I love this spot! Sad you didn’t have a great time.', 18, 28),
    (14, 'I actually had a better experience there recently.', 3, 16),
    (15, 'This place has gone downhill lately.', 31, 4),
    (16, 'Honestly, I felt the same way about the pasta.', 19, 19),
    (17, 'You nailed it. Wraps were super dry.', 16, 31),
    (18, 'That juice was not fresh at all when I tried it.', 19, 10),
    (19, 'I had the opposite experience—maybe it was an off day?', 10, 6),
    (20, 'Nice review, that burger really is something else.', 15, 15),
    (21, 'They definitely overdo it on the sugar.', 18, 3),
    (22, 'Thanks for the heads-up—won’t be trying this one.', 1, 23),
    (23, 'Felt the same way about the texture, honestly.', 21, 50),
    (24, 'Their service needs a serious upgrade.', 20, 47),
    (25, 'The falafel used to be better, sadly.', 16, 28),
    (26, 'BBQ used to be great, but last visit was just okay.', 10, 26),
    (27, 'I really wanted to like this place, but just couldn’t.', 22, 47),
    (28, 'Best description of their donuts I’ve seen!', 29, 26),
    (29, 'Juice Joint used to be better—feels like it’s slipping.', 23, 21),
    (30, 'I was surprised too. The quality wasn’t there.', 16, 3),
    (31, 'Glad to know I’m not alone in this opinion.', 31, 32),
    (32, 'I’m with you. Mediocre at best.', 17, 49),
    (33, 'This review really sums it up well.', 22, 45),
    (34, 'Interesting! I actually had a great time there.', 2, 35),
    (35, 'Totally fair points. Service is hit or miss.', 14, 3),
    (36, 'This is helpful—I’ll probably skip it next time.', 16, 44),
    (37, 'They need to get it together. Prices are too high for that.', 20, 5),
    (38, 'I had the same exact experience with their noodles.', 11, 18),
    (39, 'You captured my thoughts perfectly.', 6, 1),
    (40, 'Couldn’t agree more—such a letdown.', 10, 45);


INSERT INTO Admin (admin_id, admin_name, admin_email)
VALUES
    (1, 'Darryl Boor', 'dboor0@dmoz.org'),
    (2, 'Andrey Agus', 'aagus1@auda.org.au'),
    (3, 'Moria Longridge', 'mlongridge2@cloudflare.com'),
    (4, 'Richmound McGarrie', 'rmcgarrie3@globo.com'),
    (5, 'Megan Cosham', 'mcosham4@howstuffworks.com'),
    (6, 'Henrieta Provis', 'hprovis5@webnode.com'),
    (7, 'Royce Yockney', 'ryockney6@scientificamerican.com'),
    (8, 'Carine Hamsson', 'chamsson7@vk.com'),
    (9, 'Aidan Kenen', 'akenen8@businessweek.com'),
    (10, 'Osbourne Cohalan', 'ocohalan9@php.net'),
    (11, 'Biron Strangward', 'bstrangwarda@t.co'),
    (12, 'Rice Houlahan', 'rhoulahanb@edublogs.org'),
    (13, 'Kate Louche', 'klouchec@gmpg.org'),
    (14, 'Dorelia Ladson', 'dladsond@163.com'),
    (15, 'Hailee McKeaney', 'hmckeaneye@nydailynews.com'),
    (16, 'Julee Pickrell', 'jpickrellf@unc.edu'),
    (17, 'Ralph Willstrop', 'rwillstropg@ucoz.ru'),
    (18, 'Bertha Geake', 'bgeakeh@usnews.com'),
    (19, 'Concordia Bastone', 'cbastonei@dailymotion.com'),
    (20, 'Lucio Dovydenas', 'ldovydenasj@cbc.ca'),
    (21, 'Eryn Corderoy', 'ecorderoyk@4shared.com'),
    (22, 'Nikki Mildmott', 'nmildmottl@google.nl'),
    (23, 'Constancia Kuschek', 'ckuschekm@blogs.com'),
    (24, 'Camila Blasik', 'cblasikn@oracle.com'),
    (25, 'Nolan Town', 'ntowno@mashable.com'),
    (26, 'Neysa Rulf', 'nrulfp@slideshare.net'),
    (27, 'Wendy Robertacci', 'wrobertacciq@clickbank.net'),
    (28, 'Marris Laverty', 'mlavertyr@myspace.com'),
    (29, 'Carolina Gaunter', 'cgaunters@free.fr'),
    (30, 'Leonard Salmond', 'lsalmondt@oakley.com'),
    (31, 'Marj Dimmick', 'mdimmicku@boston.com'),
    (32, 'Ardisj Coombs', 'acoombsv@networkadvertising.org'),
    (33, 'Doro Baylis', 'dbaylisw@google.ca'),
    (34, 'Garvy Nalder', 'gnalderx@census.gov'),
    (35, 'Virgilio MacDowal', 'vmacdowaly@yahoo.co.jp'),
    (36, 'Collin Jaquin', 'cjaquinz@nba.com'),
    (37, 'Doll Yushin', 'dyushin10@myspace.com'),
    (38, 'Colleen Aykroyd', 'caykroyd11@ebay.com'),
    (39, 'Jared Haps', 'jhaps12@ibm.com'),
    (40, 'Bendite Dehmel', 'bdehmel13@sogou.com');

INSERT INTO Advertiser (advertiser_id, advertiser_email, advertiser_name)
VALUES
    (1, 'wrispine0@arizona.edu', 'Topicware'),
    (2, 'awhitear1@t-online.de', 'Snaptags'),
    (3, 'pmackegg2@toplist.cz', 'Skyndu'),
    (4, 'gkinner3@dailymotion.com', 'Yodoo'),
    (5, 'pmcquillan4@phpbb.com', 'Bubblebox'),
    (6, 'lcramphorn5@sohu.com', 'Jaxnation'),
    (7, 'bphaup6@vinaora.com', 'Topicware'),
    (8, 'bolivelli7@nyu.edu', 'Layo'),
    (9, 'tmaidment8@creativecommons.org', 'Shuffledrive'),
    (10, 'thasely9@netscape.com', 'Photolist'),
    (11, 'jreiska@amazon.co.uk', 'Flashset'),
    (12, 'acranageb@com.com', 'Miboo'),
    (13, 'ycaudrayc@statcounter.com', 'Photolist'),
    (14, 'cjouhandeaud@mysql.com', 'Babbleblab'),
    (15, 'cborelle@wikimedia.org', 'Zoozzy'),
    (16, 'lmcparlinf@mail.ru', 'Flashspan'),
    (17, 'gelfittg@livejournal.com', 'Mymm'),
    (18, 'nrudderhamh@sbwire.com', 'Jaloo'),
    (19, 'ccapehorni@bravesites.com', 'Blogtag'),
    (20, 'mlaugharnej@cdbaby.com', 'Pixoboo'),
    (21, 'ngiffordk@bravesites.com', 'Gigazoom'),
    (22, 'dnowelll@telegraph.co.uk', 'Jetpulse'),
    (23, 'apaulom@nytimes.com', 'Realmix'),
    (24, 'fgeaneyn@ifeng.com', 'Meejo'),
    (25, 'iroydono@smugmug.com', 'Kanoodle'),
    (26, 'delkinp@cisco.com', 'Einti'),
    (27, 'eferrilloq@angelfire.com', 'Skipfire'),
    (28, 'ygoodinr@edublogs.org', 'Yodel'),
    (29, 'tsottells@usatoday.com', 'Voomm'),
    (30, 'gterrist@irs.gov', 'Gigashots'),
    (31, 'slangcastleu@mail.ru', 'Kamba'),
    (32, 'mchesterv@opensource.org', 'Aimbu'),
    (33, 'bdaalw@npr.org', 'Edgepulse'),
    (34, 'hcunniamx@networksolutions.com', 'Aibox'),
    (35, 'cnajaray@vimeo.com', 'Edgetag'),
    (36, 'sguwerz@phpbb.com', 'Demimbu'),
    (37, 'gotierney10@loc.gov', 'Gabvine'),
    (38, 'meakeley11@storify.com', 'Zoomlounge'),
    (39, 'acummine12@soup.io', 'Gabcube'),
    (40, 'wfields13@answers.com', 'Oyondu');


INSERT INTO Advertisement (advertisement_id, content, active_start_date, active_end_date, total_cost, advertiser_id)
VALUES
    (1, 'The best choice for your needs', '2025-01-26', '2024-06-01', 123.4, 1),
    (2, 'Innovating the future', '2024-08-08', '2025-02-15', 79.5, 2),
    (3, 'Quality you can trust', '2024-07-07', '2024-06-14', 198.04, 3),
    (4, 'Empowering success', '2024-07-31', '2025-01-05', 77.24, 4),
    (5, 'Leading the industry', '2025-03-14', '2024-07-01', 185.14, 5),
    (6, 'The best choice for your needs', '2024-12-16', '2024-10-30', 130.62, 6),
    (7, 'Innovating the future', '2025-01-11', '2024-02-27', 75.62, 7),
    (8, 'Quality you can trust', '2024-12-27', '2024-04-25', 131.74, 8),
    (9, 'Empowering success', '2025-04-11', '2025-02-15', 101.48, 9),
    (10, 'Leading the industry', '2024-07-22', '2024-06-01', 91.82, 10),
    (11, 'The best choice for your needs', '2025-04-06', '2024-10-05', 104.07, 11),
    (12, 'Innovating the future', '2024-08-18', '2024-12-03', 87.65, 12),
    (13, 'Quality you can trust', '2024-07-05', '2024-10-05', 125.41, 13),
    (14, 'Empowering success', '2025-04-10', '2024-04-19', 138.73, 14),
    (15, 'Leading the industry', '2024-05-18', '2024-09-30', 110.9, 15),
    (16, 'The best choice for your needs', '2025-03-08', '2024-11-03', 184.68, 16),
    (17, 'Innovating the future', '2024-12-16', '2024-05-27', 186.36, 17),
    (18, 'Quality you can trust', '2024-03-30', '2024-09-14', 192.5, 18),
    (19, 'Empowering success', '2024-02-14', '2024-09-05', 136.29, 19),
    (20, 'Leading the industry', '2024-04-18', '2024-10-31', 69.57, 20),
    (21, 'The best choice for your needs', '2025-02-08', '2025-02-15', 174.5, 21),
    (22, 'Innovating the future', '2024-06-25', '2024-10-24', 169.15, 22),
    (23, 'Quality you can trust', '2024-12-23', '2024-05-10', 76.56, 23),
    (24, 'Empowering success', '2024-11-19', '2024-11-15', 186.46, 24),
    (25, 'Leading the industry', '2025-01-04', '2025-01-12', 188.23, 25),
    (26, 'The best choice for your needs', '2025-03-08', '2024-02-20', 198.75, 26),
    (27, 'Innovating the future', '2024-06-05', '2025-02-28', 86.21, 27),
    (28, 'Quality you can trust', '2024-03-26', '2024-04-10', 92.83, 28),
    (29, 'Empowering success', '2024-08-08', '2024-08-15', 152.77, 29),
    (30, 'Leading the industry', '2024-03-04', '2024-05-18', 176.16, 30),
    (31, 'The best choice for your needs', '2025-03-14', '2024-07-10', 139.2, 31),
    (32, 'Innovating the future', '2024-12-19', '2024-09-23', 135.59, 32),
    (33, 'Quality you can trust', '2025-03-29', '2025-02-21', 118.0, 33),
    (34, 'Empowering success', '2025-03-31', '2024-07-07', 111.44, 34),
    (35, 'Leading the industry', '2024-03-16', '2024-06-24', 167.0, 35),
    (36, 'The best choice for your needs', '2025-01-19', '2024-07-15', 190.04, 36),
    (37, 'Innovating the future', '2024-09-06', '2024-12-25', 159.44, 37),
    (38, 'Quality you can trust', '2024-11-25', '2024-04-30', 132.4, 38),
    (39, 'Empowering success', '2024-02-21', '2024-05-17', 61.66, 39),
    (40, 'Leading the industry', '2024-09-03', '2024-05-05', 173.57, 40);


INSERT INTO Ad_Space (ad_space_id, cost)
VALUES
    (1, 125.07),
    (2, 118.76),
    (3, 130.51),
    (4, 130.43),
    (5, 51.78),
    (6, 163.01),
    (7, 128.47),
    (8, 166.0),
    (9, 111.87),
    (10, 75.12),
    (11, 173.98),
    (12, 158.97),
    (13, 189.8),
    (14, 161.32),
    (15, 186.45),
    (16, 154.05),
    (17, 170.83),
    (18, 125.87),
    (19, 66.29),
    (20, 134.26);

INSERT INTO Ad_Space (ad_space_id, cost, advertisement_id, purchased_status)
VALUES
    (21, 145.53, 21, 1),
    (22, 133.04, 22, 1),
    (23, 138.72, 23, 1),
    (24, 120.52, 24, 1),
    (25, 123.74, 25, 1),
    (26, 186.96, 26, 1),
    (27, 119.08, 27, 1),
    (28, 112.72, 28, 1),
    (29, 79.21, 29, 1),
    (30, 60.6, 30, 1),
    (31, 137.97, 31, 1),
    (32, 76.68, 32, 1),
    (33, 183.96, 33, 1),
    (34, 164.11, 34, 1),
    (35, 76.72, 35, 1),
    (36, 83.88, 36, 1),
    (37, 83.03, 37, 1),
    (38, 146.93, 38, 1),
    (39, 193.73, 39, 1),
    (40, 148.07, 40, 1),
    (41, 162.45, 5, 1),
    (42, 99.89, 12, 1),
    (43, 115.33, 7, 1),
    (44, 174.52, 20, 1),
    (45, 149.75, 26, 1),
    (46, 87.20, 3, 1),
    (47, 135.99, 15, 1),
    (48, 190.84, 31, 1),
    (49, 142.67, 18, 1),
    (50, 101.05, 10, 1);


INSERT INTO UserFollows (follower_id, following_id)
VALUES
    (1, 2), (1, 3), (1, 5), (1, 10), (1, 20),
    (2, 4), (2, 6), (2, 8), (2, 15), (2, 18),
    (3, 1), (3, 7), (3, 9), (3, 12), (3, 20),
    (4, 2), (4, 6), (4, 11), (4, 14), (4, 25),
    (5, 3), (5, 6), (5, 9), (5, 13), (5, 19),
    (6, 1), (6, 4), (6, 10), (6, 11), (6, 16),
    (7, 3), (7, 5), (7, 8), (7, 17), (7, 22),
    (8, 2), (8, 6), (8, 12), (8, 14), (8, 21),
    (9, 1), (9, 4), (9, 5), (9, 18), (9, 23),
    (10, 2), (10, 3), (10, 8), (10, 15), (10, 27),
    (11, 1), (11, 7), (11, 9), (11, 20), (11, 30),
    (12, 3), (12, 5), (12, 6), (12, 21), (12, 24),
    (13, 2), (13, 7), (13, 8), (13, 22), (13, 31),
    (14, 4), (14, 5), (14, 6), (14, 23), (14, 32),
    (15, 2), (15, 8), (15, 10), (15, 25), (15, 33),
    (16, 3), (16, 9), (16, 12), (16, 26), (16, 34),
    (17, 4), (17, 6), (17, 13), (17, 28), (17, 35),
    (18, 1), (18, 7), (18, 11), (18, 29), (18, 36),
    (19, 2), (19, 10), (19, 12), (19, 30), (19, 37),
    (20, 3), (20, 6), (20, 14), (20, 32), (20, 38),
    (21, 5), (21, 9), (21, 15), (21, 33), (21, 39),
    (22, 4), (22, 11), (22, 16), (22, 34), (22, 40),
    (23, 3), (23, 8), (23, 17), (23, 35), (23, 41),
    (24, 6), (24, 12), (24, 18), (24, 36), (24, 42),
    (25, 7), (25, 13), (25, 19), (25, 37), (25, 43);

INSERT INTO Restaurant_Tags(restaurant_id, tag_id)
VALUES
    (1, 2),
    (1, 9),
    (1, 11),
    (1, 32),
    (1, 33),
    (2, 3),
    (2, 37),
    (3, 6),
    (3, 33),
    (3, 40),
    (4, 40),
    (5, 15),
    (5, 17),
    (5, 19),
    (5, 32),
    (6, 6),
    (6, 14),
    (6, 24),
    (6, 28),
    (6, 30),
    (7, 3),
    (7, 8),
    (7, 31),
    (8, 26),
    (9, 13),
    (9, 24),
    (9, 40),
    (10, 27),
    (11, 10),
    (11, 13),
    (13, 4),
    (13, 7),
    (13, 9),
    (13, 22),
    (13, 27),
    (13, 28),
    (13, 29),
    (14, 1),
    (14, 22),
    (15, 3),
    (15, 12),
    (15, 13),
    (15, 22),
    (15, 25),
    (15, 30),
    (15, 34),
    (15, 39),
    (16, 11),
    (16, 13),
    (17, 3),
    (17, 6),
    (17, 10),
    (17, 13),
    (17, 19),
    (17, 33),
    (17, 39),
    (18, 27),
    (18, 38),
    (19, 11),
    (19, 28),
    (20, 6),
    (20, 35),
    (21, 2),
    (21, 23),
    (21, 26),
    (22, 22),
    (22, 30),
    (23, 23),
    (23, 24),
    (23, 34),
    (24, 2),
    (24, 9),
    (24, 10),
    (24, 18),
    (25, 5),
    (25, 21),
    (25, 32),
    (25, 40),
    (26, 6),
    (26, 12),
    (26, 33),
    (27, 10),
    (27, 19),
    (27, 26),
    (28, 7),
    (28, 14),
    (28, 20),
    (28, 22),
    (29, 3),
    (29, 23),
    (30, 1),
    (30, 28),
    (31, 10),
    (31, 11),
    (31, 18),
    (32, 16),
    (32, 27),
    (32, 31),
    (33, 5),
    (33, 6),
    (33, 21),
    (34, 2),
    (34, 9),
    (34, 24),
    (35, 4),
    (35, 8),
    (35, 20),
    (35, 29),
    (35, 37),
    (36, 11),
    (36, 12),
    (36, 17),
    (36, 19),
    (37, 5),
    (37, 8),
    (37, 36),
    (38, 6),
    (38, 31),
    (39, 13),
    (39, 16),
    (39, 25),
    (40, 1),
    (40, 10),
    (40, 27);



INSERT INTO User_Favorites (restaurant_id, user_id)
VALUES
    (1, 1),
    (2, 1),
    (3, 1),
    (4, 2),
    (5, 2),
    (6, 2),
    (7, 3),
    (8, 3),
    (9, 3),
    (10, 4),
    (11, 4),
    (12, 4),
    (13, 5),
    (14, 5),
    (15, 5),
    (16, 6),
    (17, 6),
    (18, 6),
    (19, 7),
    (20, 7),
    (21, 7),
    (22, 8),
    (23, 8),
    (24, 8),
    (25, 9),
    (26, 9),
    (27, 9),
    (28, 10),
    (29, 10),
    (30, 10),
    (31, 11),
    (32, 11),
    (33, 11),
    (34, 12),
    (35, 12),
    (36, 12),
    (37, 13),
    (38, 13),
    (39, 13),
    (40, 14),
    (1, 14),
    (2, 14),
    (3, 15),
    (4, 15),
    (5, 15),
    (6, 16),
    (7, 16),
    (8, 16),
    (9, 17),
    (10, 17),
    (11, 17),
    (12, 18),
    (13, 18),
    (14, 18),
    (15, 19),
    (16, 19),
    (17, 19),
    (18, 20),
    (19, 20),
    (20, 20),
    (21, 21),
    (22, 21),
    (23, 21),
    (24, 22),
    (25, 22),
    (26, 22),
    (27, 23),
    (28, 23),
    (29, 23),
    (30, 24),
    (31, 24),
    (32, 24),
    (33, 25),
    (34, 25),
    (35, 25),
    (36, 1),
    (37, 1),
    (38, 1),
    (39, 2),
    (40, 2),
    (1, 3),
    (2, 3),
    (3, 3),
    (4, 4),
    (5, 4),
    (6, 4),
    (7, 5),
    (8, 5),
    (9, 5),
    (10, 6),
    (11, 6),
    (12, 6),
    (13, 7),
    (14, 7),
    (15, 7),
    (16, 8),
    (17, 8),
    (18, 8),
    (19, 9),
    (20, 9),
    (21, 9),
    (22, 10),
    (23, 10),
    (24, 10),
    (25, 11),
    (26, 11),
    (27, 11),
    (28, 12),
    (29, 12),
    (30, 12),
    (31, 13),
    (32, 13),
    (33, 13),
    (34, 14),
    (35, 14),
    (36, 14),
    (37, 15),
    (38, 15),
    (39, 15),
    (40, 16),
    (1, 16),
    (2, 16),
    (3, 17),
    (4, 17),
    (5, 17),
    (6, 18),
    (7, 18);



INSERT INTO Reported_Comments (user_id, comment_id)
VALUES
    (11, 38),
    (15, 9),
    (45, 6),
    (40, 19),
    (16, 31),
    (41, 6),
    (38, 2),
    (20, 8),
    (33, 12),
    (45, 10),
    (47, 14),
    (5, 11),
    (47, 6),
    (45, 39),
    (11, 16),
    (29, 7),
    (35, 32),
    (2, 39),
    (29, 38);


INSERT INTO Reported_Reviews (user_id, review_id)
VALUES
    (50, 37),
    (45, 7),
    (37, 30),
    (35, 5),
    (44, 13),
    (2, 39),
    (47, 2),
    (30, 26),
    (9, 11),
    (45, 9),
    (37, 22),
    (37, 13),
    (1, 7),
    (24, 12),
    (46, 23),
    (15, 10),
    (31, 21),
    (25, 25),
    (17, 13),
    (34, 24);





